run,model,dataset,prequential_scores,time,memory
1,ARFC,adult,0.8171450800540518,79.85750937461853,18.02734375
2,ARFC,adult,0.8164080095000205,88.50060415267944,20.46484375
3,ARFC,adult,0.8131526145530487,79.81269431114197,17.75
4,ARFC,adult,0.8118217927193808,81.13663864135742,15.28515625
5,ARFC,adult,0.8090373039597069,89.69946885108948,23.97265625
1,ARFC,electricity,0.8603239759887006,55.02107548713684,6.2578125
2,ARFC,electricity,0.8557335805084746,55.76314425468445,6.9140625
3,ARFC,electricity,0.8596839689265536,48.99594163894653,6.19921875
4,ARFC,electricity,0.8605667372881356,52.074633836746216,4.38671875
5,ARFC,electricity,0.8557335805084746,54.6994731426239,6.78515625
1,ARFC,forest_cover,0.8844309583967285,1232.3160178661346,38.21875
2,ARFC,forest_cover,0.891931664062016,1217.7301380634308,34.60546875
3,ARFC,forest_cover,0.8928077216993797,1214.2832660675049,38.2578125
4,ARFC,forest_cover,0.8844309583967285,1240.684011220932,39.37890625
5,ARFC,forest_cover,0.8890728590803633,1222.3408086299896,37.02734375
1,ARFC,hyperplane_high_gradual_drift,0.759556,833.1497147083282,94.4609375
2,ARFC,hyperplane_high_gradual_drift,0.755728,905.5700838565826,93.84765625
3,ARFC,hyperplane_high_gradual_drift,0.755728,881.4793479442596,95.3125
4,ARFC,hyperplane_high_gradual_drift,0.757906,852.2457330226898,114.21875
5,ARFC,hyperplane_high_gradual_drift,0.75757,901.5258448123932,93.109375
1,ARFC,insects,0.685172570390554,113.92385673522949,5.27734375
2,ARFC,insects,0.6944822888283378,108.44362425804138,5.47265625
3,ARFC,insects,0.6823342415985467,113.94578957557678,4.890625
4,ARFC,insects,0.6839993944898577,115.28640937805176,5.26171875
5,ARFC,insects,0.6846995155918861,117.48688244819641,5.20703125
1,ARFC,movingRBF,0.511485,335.0137391090393,17.77734375
2,ARFC,movingRBF,0.511485,342.49752402305603,17.84765625
3,ARFC,movingRBF,0.511485,344.8643608093262,16.9609375
4,ARFC,movingRBF,0.518395,342.4203085899353,15.44921875
5,ARFC,movingRBF,0.510515,339.391485452652,14.34375
1,ARFC,moving_squares,0.60808,267.5022747516632,17.58203125
2,ARFC,moving_squares,0.611125,265.8652169704437,17.0078125
3,ARFC,moving_squares,0.563675,280.2976622581482,18.3125
4,ARFC,moving_squares,0.606405,251.89771485328674,17.93359375
5,ARFC,moving_squares,0.59013,256.5885491371155,15.5625
1,ARFC,new_airlines,0.6529571751427093,737.8306188583374,44.6015625
2,ARFC,new_airlines,0.6519263677201543,763.5732698440552,45.5390625
3,ARFC,new_airlines,0.6529497592619715,742.7815792560577,45.26953125
4,ARFC,new_airlines,0.6529497592619715,745.0271480083466,44.26953125
5,ARFC,new_airlines,0.6545015323063574,758.9989168643951,44.953125
1,ARFC,sea_high_abrupt_drift,0.888636,818.005373954773,103.03515625
2,ARFC,sea_high_abrupt_drift,0.889226,872.1829130649567,104.12890625
3,ARFC,sea_high_abrupt_drift,0.889226,895.7014899253845,102.44921875
4,ARFC,sea_high_abrupt_drift,0.889404,881.4055507183075,101.16015625
5,ARFC,sea_high_abrupt_drift,0.889276,914.8040914535522,105.0390625
1,ARFC,sea_high_mixed_drift,0.879104,819.7715971469879,80.9296875
2,ARFC,sea_high_mixed_drift,0.88054,707.4965708255768,70.0
3,ARFC,sea_high_mixed_drift,0.879714,784.5900168418884,76.859375
4,ARFC,sea_high_mixed_drift,0.882008,957.0760185718536,109.9765625
5,ARFC,sea_high_mixed_drift,0.879908,847.1192257404327,90.09375
1,ARFC,shuttle,0.9949310344827587,65.91542673110962,4.328125
2,ARFC,shuttle,0.9956724137931035,61.31515336036682,3.66796875
3,ARFC,shuttle,0.9962758620689656,61.37214398384094,4.33203125
4,ARFC,shuttle,0.9943965517241379,63.25091290473938,4.4375
5,ARFC,shuttle,0.9957931034482759,62.50004005432129,4.1875
1,ARFC,synth_RandomRBFDrift,0.6237,122.28787660598755,11.25390625
2,ARFC,synth_RandomRBFDrift,0.62813,129.46080136299133,13.16015625
3,ARFC,synth_RandomRBFDrift,0.61295,114.76638722419739,9.9140625
4,ARFC,synth_RandomRBFDrift,0.62855,127.89906907081604,13.5859375
5,ARFC,synth_RandomRBFDrift,0.6476,127.83059239387512,15.01171875
1,ARFC,synth_agrawal,0.98417,96.57889676094055,7.78515625
2,ARFC,synth_agrawal,0.98417,94.27673053741455,7.24609375
3,ARFC,synth_agrawal,0.97365,92.38048124313354,8.4765625
4,ARFC,synth_agrawal,0.96242,98.77072215080261,10.4375
5,ARFC,synth_agrawal,0.98417,98.02298903465271,6.55859375
1,ARFC,vehicle_sensIT,0.7481325105553751,283.2546637058258,48.9296875
2,ARFC,vehicle_sensIT,0.7536030367002273,281.7219774723053,38.82421875
3,ARFC,vehicle_sensIT,0.7621589801883728,306.71230244636536,56.29296875
4,ARFC,vehicle_sensIT,0.7546585742124067,271.25703501701355,41.2265625
5,ARFC,vehicle_sensIT,0.7536030367002273,273.98458218574524,36.69921875
1,AutoClass,adult,0.75412554768437,640.9617073535919,327.33203125
2,AutoClass,adult,0.7656115638180254,646.5785930156708,274.875
3,AutoClass,adult,0.7656115638180254,648.9253327846527,274.04296875
4,AutoClass,adult,0.7684370009418123,704.8013496398926,184.171875
5,AutoClass,adult,0.7893411408214241,569.6225228309631,209.71875
1,AutoClass,electricity,0.8849973516949152,726.4119186401367,12.453125
2,AutoClass,electricity,0.859132238700565,466.6154007911682,79.21875
3,AutoClass,electricity,0.8849973516949152,733.3794567584991,12.49609375
4,AutoClass,electricity,0.883253884180791,524.997882604599,95.69921875
5,AutoClass,electricity,0.8864980579096046,657.032853603363,15.1484375
1,AutoClass,forest_cover,0.9529768748321894,21263.488251686096,83.41015625
2,AutoClass,forest_cover,0.9534312544319222,4848.822774648666,46.51953125
3,AutoClass,forest_cover,0.9529768748321894,21142.975826978683,85.2265625
4,AutoClass,forest_cover,0.9529631057534096,8161.545695066452,47.4453125
5,AutoClass,forest_cover,0.9534243698925323,4587.540882349014,142.66796875
1,AutoClass,hyperplane_high_gradual_drift,0.75837,2388.2628934383392,38.8046875
2,AutoClass,hyperplane_high_gradual_drift,0.758278,2418.0009055137634,33.18359375
3,AutoClass,hyperplane_high_gradual_drift,0.758312,11110.68165898323,37.7578125
4,AutoClass,hyperplane_high_gradual_drift,0.755948,2796.3509175777435,40.7421875
5,AutoClass,hyperplane_high_gradual_drift,0.758278,2436.176521062851,32.8359375
1,AutoClass,insects,0.6437897366030881,678.0062830448151,188.84765625
2,AutoClass,insects,0.6389645776566758,3704.204747438431,305.125
3,AutoClass,insects,0.6413676960339085,1641.7012004852295,420.46484375
4,AutoClass,insects,0.6456441114138661,1629.3243579864502,217.69921875
5,AutoClass,insects,0.6421813502876174,1259.9496178627014,13.89453125
1,AutoClass,movingRBF,0.85421,1518.7579500675201,55.21875
2,AutoClass,movingRBF,0.838595,2277.1352338790894,286.046875
3,AutoClass,movingRBF,0.85423,1436.3412086963654,13.53125
4,AutoClass,movingRBF,0.85429,1408.06632065773,14.3828125
5,AutoClass,movingRBF,0.854185,2671.477017402649,24.58203125
1,AutoClass,moving_squares,0.887185,2614.29625082016,14.6640625
2,AutoClass,moving_squares,0.885265,2281.66792345047,14.69140625
3,AutoClass,moving_squares,0.885265,2260.543855905533,14.50390625
4,AutoClass,moving_squares,0.888305,2151.2728259563446,13.77734375
5,AutoClass,moving_squares,0.888305,1955.5109369754791,14.06640625
1,AutoClass,new_airlines,0.6345009019564948,4306.827641248703,410.28125
2,AutoClass,new_airlines,0.6252273430938684,4987.3209726810455,407.15625
3,AutoClass,new_airlines,0.631471514675101,8400.070342540741,150.17578125
4,AutoClass,new_airlines,0.6252273430938684,4970.948797941208,404.171875
5,AutoClass,new_airlines,0.6348939436355985,3892.6356661319733,278.1171875
1,AutoClass,sea_high_abrupt_drift,0.84287,4920.599520683289,768.66015625
2,AutoClass,sea_high_abrupt_drift,0.857708,4817.853294372559,413.25390625
3,AutoClass,sea_high_abrupt_drift,0.822542,11323.990319490433,317.4453125
4,AutoClass,sea_high_abrupt_drift,0.85028,3952.3003787994385,602.58984375
5,AutoClass,sea_high_abrupt_drift,0.84287,4861.575239658356,770.93359375
1,AutoClass,sea_high_mixed_drift,0.84725,6099.524169206619,709.86328125
2,AutoClass,sea_high_mixed_drift,0.855642,4755.3985052108765,795.3515625
3,AutoClass,sea_high_mixed_drift,0.817686,3715.77073264122,294.7421875
4,AutoClass,sea_high_mixed_drift,0.842986,6553.370180606842,957.58984375
5,AutoClass,sea_high_mixed_drift,0.842986,6502.03496837616,961.26953125
1,AutoClass,shuttle,0.9962241379310345,298.7909665107727,11.54296875
2,AutoClass,shuttle,0.9966379310344827,416.480749130249,10.46484375
3,AutoClass,shuttle,0.9964137931034482,675.4314153194427,9.94140625
4,AutoClass,shuttle,0.9969827586206896,566.3177692890167,6.47265625
5,AutoClass,shuttle,0.9969827586206896,566.8798038959503,6.92578125
1,AutoClass,synth_RandomRBFDrift,0.59829,1442.4872026443481,65.98046875
2,AutoClass,synth_RandomRBFDrift,0.63768,1414.8942441940308,25.73828125
3,AutoClass,synth_RandomRBFDrift,0.63875,1628.9108245372772,23.66796875
4,AutoClass,synth_RandomRBFDrift,0.5821,1202.6255173683167,7.3984375
5,AutoClass,synth_RandomRBFDrift,0.5821,1199.6237118244171,8.765625
1,AutoClass,synth_agrawal,0.99829,646.3845710754395,28.3984375
2,AutoClass,synth_agrawal,0.99948,978.5332794189453,10.453125
3,AutoClass,synth_agrawal,0.99948,990.893337726593,10.1171875
4,AutoClass,synth_agrawal,0.99881,1241.5479605197906,11.92578125
5,AutoClass,synth_agrawal,0.99637,1357.2833836078644,231.34375
1,AutoClass,vehicle_sensIT,0.7373436992530042,3363.9984397888184,649.203125
2,AutoClass,vehicle_sensIT,0.7396679116596298,5639.7752385139465,34.3515625
3,AutoClass,vehicle_sensIT,0.7359532315686911,3176.2010955810547,28.0234375
4,AutoClass,vehicle_sensIT,0.7356081519974017,2146.701029777527,163.4921875
5,AutoClass,vehicle_sensIT,0.7380237089964274,2234.830837726593,91.04296875
1,AutoStreamML_Best,adult,0.8055362188280578,158.03532791137695,6.6953125
2,AutoStreamML_Best,adult,0.802526514065763,161.39927172660828,10.31640625
3,AutoStreamML_Best,adult,0.802526514065763,163.2862856388092,10.61328125
4,AutoStreamML_Best,adult,0.8070103599361206,150.10138130187988,7.72265625
5,AutoStreamML_Best,adult,0.800171983129274,181.83827376365662,9.75
1,AutoStreamML_Best,electricity,0.9067575918079096,85.86789345741272,4.75
2,AutoStreamML_Best,electricity,0.9031382415254238,100.33105111122131,7.04296875
3,AutoStreamML_Best,electricity,0.9096486581920904,78.52362561225891,5.12890625
4,AutoStreamML_Best,electricity,0.9079934675141242,81.46314525604248,4.67578125
5,AutoStreamML_Best,electricity,0.9047272245762712,94.28079128265381,5.20703125
1,AutoStreamML_Best,forest_cover,0.9511645198378003,3839.419803380966,52.18359375
2,AutoStreamML_Best,forest_cover,0.9551334567960731,3872.8573026657104,57.671875
3,AutoStreamML_Best,forest_cover,0.9551334567960731,3703.094062566757,62.20703125
4,AutoStreamML_Best,forest_cover,0.9528495108534764,3650.982658147812,60.6015625
5,AutoStreamML_Best,forest_cover,0.9551334567960731,3851.772139072418,59.46875
1,AutoStreamML_Best,hyperplane_high_gradual_drift,0.915362,1004.1710450649261,32.93359375
2,AutoStreamML_Best,hyperplane_high_gradual_drift,0.915362,971.5284187793732,33.30078125
3,AutoStreamML_Best,hyperplane_high_gradual_drift,0.916058,998.7792341709137,33.8203125
4,AutoStreamML_Best,hyperplane_high_gradual_drift,0.915362,978.3899772167206,32.4375
5,AutoStreamML_Best,hyperplane_high_gradual_drift,0.915756,1055.9185180664062,32.89453125
1,AutoStreamML_Best,insects,0.7120420829548895,411.0999677181244,7.66796875
2,AutoStreamML_Best,insects,0.7169618528610354,412.4602429866791,8.29296875
3,AutoStreamML_Best,insects,0.7120420829548895,433.65209889411926,16.4609375
4,AutoStreamML_Best,insects,0.7120420829548895,419.57580852508545,15.36328125
5,AutoStreamML_Best,insects,0.7092037541628823,436.40868639945984,7.33203125
1,AutoStreamML_Best,movingRBF,0.86551,924.781268119812,14.00390625
2,AutoStreamML_Best,movingRBF,0.868275,860.8422346115112,14.14453125
3,AutoStreamML_Best,movingRBF,0.870385,843.4064962863922,14.39453125
4,AutoStreamML_Best,movingRBF,0.868275,856.7025971412659,13.140625
5,AutoStreamML_Best,movingRBF,0.868665,899.183705329895,14.08203125
1,AutoStreamML_Best,moving_squares,0.984335,441.26874589920044,16.60546875
2,AutoStreamML_Best,moving_squares,0.989295,431.4237608909607,16.53125
3,AutoStreamML_Best,moving_squares,0.984335,465.1208498477936,15.34375
4,AutoStreamML_Best,moving_squares,0.98624,430.5201003551483,15.52734375
5,AutoStreamML_Best,moving_squares,0.98634,442.31354427337646,15.5625
1,AutoStreamML_Best,new_airlines,0.654232706629612,1749.261281967163,56.25
2,AutoStreamML_Best,new_airlines,0.6554637428320877,1825.6205377578735,48.92578125
3,AutoStreamML_Best,new_airlines,0.654232706629612,1751.5967681407928,56.453125
4,AutoStreamML_Best,new_airlines,0.654766650042734,1807.79012465477,46.97265625
5,AutoStreamML_Best,new_airlines,0.654347652781048,1730.5217955112457,49.67578125
1,AutoStreamML_Best,sea_high_abrupt_drift,0.880626,721.8940289020538,32.91015625
2,AutoStreamML_Best,sea_high_abrupt_drift,0.88002,746.8205759525299,33.1484375
3,AutoStreamML_Best,sea_high_abrupt_drift,0.880306,751.9437446594238,34.515625
4,AutoStreamML_Best,sea_high_abrupt_drift,0.880528,721.585832118988,36.0234375
5,AutoStreamML_Best,sea_high_abrupt_drift,0.880306,754.8604698181152,33.81640625
1,AutoStreamML_Best,sea_high_mixed_drift,0.875194,713.1713147163391,35.375
2,AutoStreamML_Best,sea_high_mixed_drift,0.874548,736.6836655139923,35.3359375
3,AutoStreamML_Best,sea_high_mixed_drift,0.874456,728.3247654438019,33.90625
4,AutoStreamML_Best,sea_high_mixed_drift,0.874548,733.1395583152771,33.3203125
5,AutoStreamML_Best,sea_high_mixed_drift,0.874914,717.1106181144714,33.890625
1,AutoStreamML_Best,shuttle,0.9861896551724137,264.03384613990784,9.0390625
2,AutoStreamML_Best,shuttle,0.9861896551724137,271.0565912723541,9.58984375
3,AutoStreamML_Best,shuttle,0.9847586206896551,274.45025062561035,11.38671875
4,AutoStreamML_Best,shuttle,0.9873103448275862,459.7214500904083,10.9765625
5,AutoStreamML_Best,shuttle,0.9847413793103448,373.5807218551636,10.47265625
1,AutoStreamML_Best,synth_RandomRBFDrift,0.65636,347.52776193618774,9.84375
2,AutoStreamML_Best,synth_RandomRBFDrift,0.65303,332.3107805252075,9.4921875
3,AutoStreamML_Best,synth_RandomRBFDrift,0.6509,330.76627135276794,9.4609375
4,AutoStreamML_Best,synth_RandomRBFDrift,0.65389,335.1461491584778,9.9765625
5,AutoStreamML_Best,synth_RandomRBFDrift,0.65303,336.59441804885864,9.35546875
1,AutoStreamML_Best,synth_agrawal,0.95935,355.02798676490784,11.02734375
2,AutoStreamML_Best,synth_agrawal,0.93768,620.519097328186,24.72265625
3,AutoStreamML_Best,synth_agrawal,0.93804,468.98662877082825,14.5859375
4,AutoStreamML_Best,synth_agrawal,0.95935,360.06430554389954,13.14453125
5,AutoStreamML_Best,synth_agrawal,0.94269,455.3402512073517,12.91796875
1,AutoStreamML_Best,vehicle_sensIT,0.7550544007794738,1553.1355664730072,15.83203125
2,AutoStreamML_Best,vehicle_sensIT,0.7612658330626827,1559.6721878051758,19.078125
3,AutoStreamML_Best,vehicle_sensIT,0.7612658330626827,1592.08127951622,16.0078125
4,AutoStreamML_Best,vehicle_sensIT,0.7612658330626827,1531.1640446186066,16.2265625
5,AutoStreamML_Best,vehicle_sensIT,0.7459300909386164,1504.64421749115,18.54296875
1,AutoStreamML,adult,0.7985749969288727,236.78423047065735,7.5
2,AutoStreamML,adult,0.7992301707546784,268.4077925682068,16.37109375
3,AutoStreamML,adult,0.7962614143564964,249.13209557533264,7.2109375
4,AutoStreamML,adult,0.8106342901601081,329.71848249435425,13.46875
5,AutoStreamML,adult,0.7957700339871422,254.18653678894043,7.9296875
1,AutoStreamML,electricity,0.9135328389830508,120.54302883148193,4.66015625
2,AutoStreamML,electricity,0.9144156073446328,127.94812726974487,5.6640625
3,AutoStreamML,electricity,0.915188029661017,117.88901424407959,4.9296875
4,AutoStreamML,electricity,0.9167108050847458,104.32520580291748,5.4140625
5,AutoStreamML,electricity,0.915188029661017,120.72589612007141,4.91796875
1,AutoStreamML,forest_cover,0.9558219107350623,8733.59075975418,64.3828125
2,AutoStreamML,forest_cover,0.9558219107350623,8471.385079145432,66.45703125
3,AutoStreamML,forest_cover,0.956537902831611,8420.722447395325,63.890625
4,AutoStreamML,forest_cover,0.9573829800417203,8277.243802785873,69.828125
5,AutoStreamML,forest_cover,0.9560559850743185,7315.888647079468,60.14453125
1,AutoStreamML,hyperplane_high_gradual_drift,0.918334,1372.9018061161041,34.078125
2,AutoStreamML,hyperplane_high_gradual_drift,0.918376,1340.4355409145355,34.75
3,AutoStreamML,hyperplane_high_gradual_drift,0.91861,1362.4225149154663,35.69140625
4,AutoStreamML,hyperplane_high_gradual_drift,0.918938,1263.7581493854523,34.0
5,AutoStreamML,hyperplane_high_gradual_drift,0.918376,1339.3110151290894,33.734375
1,AutoStreamML,insects,0.7072169240084771,1125.4006774425507,19.03125
2,AutoStreamML,insects,0.7123826824099304,962.3967182636261,10.7109375
3,AutoStreamML,insects,0.7034892521949743,1107.7656371593475,34.46875
4,AutoStreamML,insects,0.7155048440811383,906.895779132843,7.078125
5,AutoStreamML,insects,0.709014532243415,786.0315778255463,7.05859375
1,AutoStreamML,movingRBF,0.883345,1528.0137310028076,15.1015625
2,AutoStreamML,movingRBF,0.87908,1573.0993022918701,12.1640625
3,AutoStreamML,movingRBF,0.87908,1612.1265323162079,16.06640625
4,AutoStreamML,movingRBF,0.88329,1471.4858753681183,14.56640625
5,AutoStreamML,movingRBF,0.87524,1538.5485644340515,14.4765625
1,AutoStreamML,moving_squares,0.97654,736.7810955047607,15.59765625
2,AutoStreamML,moving_squares,0.98439,679.2289905548096,17.39453125
3,AutoStreamML,moving_squares,0.98439,659.0243935585022,17.35546875
4,AutoStreamML,moving_squares,0.98098,654.265558719635,16.44921875
5,AutoStreamML,moving_squares,0.984355,676.5507276058197,16.390625
1,AutoStreamML,new_airlines,0.6668044784503776,2780.710259437561,57.234375
2,AutoStreamML,new_airlines,0.6661852524087708,2746.3276782035828,72.19140625
3,AutoStreamML,new_airlines,0.6660721602275192,2935.5682146549225,61.36328125
4,AutoStreamML,new_airlines,0.6649523622361105,2481.4388432502747,55.5625
5,AutoStreamML,new_airlines,0.6647910668300633,2430.705389022827,58.61328125
1,AutoStreamML,sea_high_abrupt_drift,0.885054,957.0053260326385,32.890625
2,AutoStreamML,sea_high_abrupt_drift,0.885442,922.5967791080475,34.5546875
3,AutoStreamML,sea_high_abrupt_drift,0.884776,936.9510221481323,33.74609375
4,AutoStreamML,sea_high_abrupt_drift,0.885364,933.676839351654,36.30859375
5,AutoStreamML,sea_high_abrupt_drift,0.885442,857.205851316452,33.28125
1,AutoStreamML,sea_high_mixed_drift,0.87896,928.2308390140533,35.46875
2,AutoStreamML,sea_high_mixed_drift,0.878614,895.8260290622711,35.83984375
3,AutoStreamML,sea_high_mixed_drift,0.878652,890.647353887558,35.86328125
4,AutoStreamML,sea_high_mixed_drift,0.878452,911.2893025875092,34.703125
5,AutoStreamML,sea_high_mixed_drift,0.878902,895.525475025177,37.62109375
1,AutoStreamML,shuttle,0.9933620689655173,681.8841714859009,16.9140625
2,AutoStreamML,shuttle,0.9933620689655173,686.3785443305969,17.46875
3,AutoStreamML,shuttle,0.9925,730.8981258869171,16.578125
4,AutoStreamML,shuttle,0.9944137931034482,676.8000130653381,11.8046875
5,AutoStreamML,shuttle,0.9933620689655173,692.1212015151978,17.38671875
1,AutoStreamML,synth_RandomRBFDrift,0.67641,998.7298254966736,10.5703125
2,AutoStreamML,synth_RandomRBFDrift,0.67359,834.5912446975708,11.0390625
3,AutoStreamML,synth_RandomRBFDrift,0.67392,931.0639388561249,9.9609375
4,AutoStreamML,synth_RandomRBFDrift,0.67392,927.1040177345276,10.2109375
5,AutoStreamML,synth_RandomRBFDrift,0.67641,954.1810758113861,10.36328125
1,AutoStreamML,synth_agrawal,0.99705,844.8859820365906,18.3984375
2,AutoStreamML,synth_agrawal,0.98739,796.4544315338135,29.671875
3,AutoStreamML,synth_agrawal,0.98896,497.28154969215393,12.203125
4,AutoStreamML,synth_agrawal,0.99154,921.899749994278,27.26953125
5,AutoStreamML,synth_agrawal,0.99348,766.1207208633423,21.89453125
1,AutoStreamML,vehicle_sensIT,0.7944137707047743,3623.086445569992,16.65625
2,AutoStreamML,vehicle_sensIT,0.7978138194218902,4370.380362033844,15.7109375
3,AutoStreamML,vehicle_sensIT,0.8077906787918155,4654.7485201358795,16.7734375
4,AutoStreamML,vehicle_sensIT,0.784579002923027,3891.626273870468,16.9921875
5,AutoStreamML,vehicle_sensIT,0.7976006820396232,3604.0903811454773,21.875
1,EvoAutoML,adult,0.8037959133532615,826.5136399269104,85.87109375
2,EvoAutoML,adult,0.8088735105032554,606.9845292568207,50.3515625
3,EvoAutoML,adult,0.8081569141312804,614.9175670146942,46.0703125
4,EvoAutoML,adult,0.8212808648294501,575.6527917385101,46.9453125
5,EvoAutoML,adult,0.785737684779493,499.78956937789917,33.87890625
1,EvoAutoML,electricity,0.8909781073446328,255.71923995018005,4.765625
2,EvoAutoML,electricity,0.884864936440678,252.21270155906677,4.2890625
3,EvoAutoML,electricity,0.8933395127118644,258.9415593147278,5.12109375
4,EvoAutoML,electricity,0.8968043785310734,272.14475440979004,5.09375
5,EvoAutoML,electricity,0.890669138418079,367.5093207359314,4.8359375
1,EvoAutoML,forest_cover,0.9398411736762752,6849.070197343826,66.64453125
2,EvoAutoML,forest_cover,0.9407223947181814,7336.898828029633,83.96484375
3,EvoAutoML,forest_cover,0.9404814358395351,6671.456469774246,44.25390625
4,EvoAutoML,forest_cover,0.9415072322086291,6373.845901489258,43.48046875
5,EvoAutoML,forest_cover,0.9407223947181814,7377.451463222504,82.5078125
1,EvoAutoML,hyperplane_high_gradual_drift,0.907206,1637.282361984253,30.56640625
2,EvoAutoML,hyperplane_high_gradual_drift,0.842368,5200.248039960861,114.39453125
3,EvoAutoML,hyperplane_high_gradual_drift,0.898136,1656.3789989948273,30.140625
4,EvoAutoML,hyperplane_high_gradual_drift,0.898136,1625.542328596115,29.0703125
5,EvoAutoML,hyperplane_high_gradual_drift,0.838494,5569.429062128067,131.41796875
1,EvoAutoML,insects,0.7193460490463215,1797.4644157886505,17.04296875
2,EvoAutoML,insects,0.702713442325159,1162.0358703136444,8.125
3,EvoAutoML,insects,0.7106418407508326,1085.8870606422424,9.78125
4,EvoAutoML,insects,0.675938540720557,2334.4565012454987,21.45703125
5,EvoAutoML,insects,0.6941038449894036,1381.6879923343658,10.9921875
1,EvoAutoML,movingRBF,0.84715,1919.9021978378296,13.93359375
2,EvoAutoML,movingRBF,0.851495,1921.7163262367249,14.1875
3,EvoAutoML,movingRBF,0.81932,1916.7548325061798,14.59375
4,EvoAutoML,movingRBF,0.796545,2298.8288249969482,14.7734375
5,EvoAutoML,movingRBF,0.84549,1949.8120357990265,13.44140625
1,EvoAutoML,moving_squares,0.90151,970.0087013244629,11.87109375
2,EvoAutoML,moving_squares,0.838995,1155.0523443222046,14.03515625
3,EvoAutoML,moving_squares,0.838995,1121.8664722442627,12.015625
4,EvoAutoML,moving_squares,0.88175,1081.8492391109467,12.7421875
5,EvoAutoML,moving_squares,0.894665,1018.0677976608276,12.4609375
1,EvoAutoML,new_airlines,0.6779004900043197,3071.1599469184875,53.8984375
2,EvoAutoML,new_airlines,0.6779820646924356,2959.9029076099396,45.8359375
3,EvoAutoML,new_airlines,0.6789720847709327,4104.748264312744,74.40234375
4,EvoAutoML,new_airlines,0.6704734854454071,3391.241667985916,52.6875
5,EvoAutoML,new_airlines,0.6764284376778653,3495.4073162078857,81.5859375
1,EvoAutoML,sea_high_abrupt_drift,0.8848,2116.9227633476257,92.15234375
2,EvoAutoML,sea_high_abrupt_drift,0.885656,2068.14897274971,48.390625
3,EvoAutoML,sea_high_abrupt_drift,0.889122,2909.472608089447,102.78125
4,EvoAutoML,sea_high_abrupt_drift,0.887366,3011.596787929535,103.62890625
5,EvoAutoML,sea_high_abrupt_drift,0.883288,2042.674572944641,83.1015625
1,EvoAutoML,sea_high_mixed_drift,0.873292,1954.1071474552155,91.6953125
2,EvoAutoML,sea_high_mixed_drift,0.872994,2418.606065273285,101.546875
3,EvoAutoML,sea_high_mixed_drift,0.872994,2379.362978219986,98.2109375
4,EvoAutoML,sea_high_mixed_drift,0.880944,2916.6509852409363,97.9609375
5,EvoAutoML,sea_high_mixed_drift,0.874092,2264.1592440605164,89.16796875
1,EvoAutoML,shuttle,0.9832931034482758,491.43279552459717,4.4609375
2,EvoAutoML,shuttle,0.9900689655172413,468.11023902893066,7.78515625
3,EvoAutoML,shuttle,0.9873793103448276,533.5978467464447,7.078125
4,EvoAutoML,shuttle,0.9860344827586207,497.4186451435089,4.60546875
5,EvoAutoML,shuttle,0.9855,507.66376185417175,4.75
1,EvoAutoML,synth_RandomRBFDrift,0.57759,728.9459166526794,6.8671875
2,EvoAutoML,synth_RandomRBFDrift,0.58176,736.0816962718964,6.69140625
3,EvoAutoML,synth_RandomRBFDrift,0.64921,1118.470847606659,30.6484375
4,EvoAutoML,synth_RandomRBFDrift,0.6367,1030.821106672287,22.60546875
5,EvoAutoML,synth_RandomRBFDrift,0.57759,731.075266122818,6.1171875
1,EvoAutoML,synth_agrawal,0.99949,652.7722461223602,7.71875
2,EvoAutoML,synth_agrawal,0.99949,678.274288892746,8.28125
3,EvoAutoML,synth_agrawal,0.99949,650.3578126430511,7.31640625
4,EvoAutoML,synth_agrawal,0.99949,639.4226622581482,8.265625
5,EvoAutoML,synth_agrawal,0.99926,666.2396554946899,8.03515625
1,EvoAutoML,vehicle_sensIT,0.7916226859369925,8610.48979473114,431.62890625
2,EvoAutoML,vehicle_sensIT,0.7612455342643716,5036.383325815201,58.5390625
3,EvoAutoML,vehicle_sensIT,0.803436586554076,11478.496420621872,511.9609375
4,EvoAutoML,vehicle_sensIT,0.7957636407924651,9109.137834787369,415.71484375
5,EvoAutoML,vehicle_sensIT,0.803436586554076,11730.814275741577,512.22265625
1,HATC,adult,0.8160804225871177,46.814565658569336,3.5703125
2,HATC,adult,0.8164694320461897,45.26327347755432,3.75
3,HATC,adult,0.8127226567298637,48.81363320350647,3.40234375
4,HATC,adult,0.8160804225871177,45.06968712806702,3.3671875
5,HATC,adult,0.8204414233651366,47.853989601135254,3.67578125
1,HATC,electricity,0.835010593220339,27.71894884109497,2.57421875
2,HATC,electricity,0.8324064265536724,25.956586360931396,2.28515625
3,HATC,electricity,0.8333554025423728,25.802827835083008,2.09375
4,HATC,electricity,0.8321857344632768,28.330204010009766,2.38671875
5,HATC,electricity,0.8264918785310734,28.168041944503784,2.484375
1,HATC,forest_cover,0.7070559644207004,1699.1529576778412,35.953125
2,HATC,forest_cover,0.7199248896752563,1827.2400171756744,35.7890625
3,HATC,forest_cover,0.7270366188650148,1878.982103586197,36.23828125
4,HATC,forest_cover,0.7070559644207004,1760.5421426296234,35.85546875
5,HATC,forest_cover,0.6884160740225675,1592.2728214263916,36.36328125
1,HATC,hyperplane_high_gradual_drift,0.849802,387.31556224823,30.0390625
2,HATC,hyperplane_high_gradual_drift,0.849264,391.9387729167938,29.390625
3,HATC,hyperplane_high_gradual_drift,0.849802,389.5175654888153,30.0546875
4,HATC,hyperplane_high_gradual_drift,0.847942,393.7629134654999,29.09375
5,HATC,hyperplane_high_gradual_drift,0.846946,396.992867231369,29.09375
1,HATC,insects,0.6173365122615804,120.67269039154053,4.16015625
2,HATC,insects,0.577316076294278,129.58179926872253,3.33984375
3,HATC,insects,0.6070049954586739,124.38631081581116,3.625
4,HATC,insects,0.6070049954586739,122.9713122844696,3.578125
5,HATC,insects,0.6036746896760521,125.83398056030273,3.40234375
1,HATC,movingRBF,0.38802,182.12107014656067,10.8125
2,HATC,movingRBF,0.39807,191.98681616783142,10.0078125
3,HATC,movingRBF,0.393405,180.98402857780457,10.97265625
4,HATC,movingRBF,0.39159,182.5051863193512,10.37890625
5,HATC,movingRBF,0.396805,192.77764058113098,11.0390625
1,HATC,moving_squares,0.79952,97.77952527999878,9.90234375
2,HATC,moving_squares,0.806625,92.4024567604065,10.01953125
3,HATC,moving_squares,0.810065,92.56916046142578,10.07421875
4,HATC,moving_squares,0.811335,96.31730604171753,10.40625
5,HATC,moving_squares,0.810065,90.08628463745117,10.7890625
1,HATC,new_airlines,0.6516093388186132,321.45567989349365,30.9765625
2,HATC,new_airlines,0.6536561219022475,319.91286873817444,30.3515625
3,HATC,new_airlines,0.6533650485832887,324.54536151885986,31.578125
4,HATC,new_airlines,0.6533650485832887,317.9757070541382,33.5546875
5,HATC,new_airlines,0.6516093388186132,340.40385031700134,30.9765625
1,HATC,sea_high_abrupt_drift,0.887874,267.83789110183716,29.93359375
2,HATC,sea_high_abrupt_drift,0.887874,276.9008255004883,30.5390625
3,HATC,sea_high_abrupt_drift,0.88804,272.22150683403015,30.06640625
4,HATC,sea_high_abrupt_drift,0.888288,272.6886742115021,27.83203125
5,HATC,sea_high_abrupt_drift,0.88804,275.1812665462494,29.4296875
1,HATC,sea_high_mixed_drift,0.881332,278.53460359573364,27.53125
2,HATC,sea_high_mixed_drift,0.881206,286.39116525650024,27.38671875
3,HATC,sea_high_mixed_drift,0.881332,276.27822852134705,27.984375
4,HATC,sea_high_mixed_drift,0.881752,277.0490782260895,30.03515625
5,HATC,sea_high_mixed_drift,0.881042,275.96584033966064,30.18359375
1,HATC,shuttle,0.9384655172413793,50.11103296279907,3.01953125
2,HATC,shuttle,0.949,49.4845712184906,2.81640625
3,HATC,shuttle,0.9537931034482758,47.33738851547241,2.67578125
4,HATC,shuttle,0.9485344827586207,49.05463409423828,3.14453125
5,HATC,shuttle,0.9384655172413793,50.286815881729126,2.97265625
1,HATC,synth_RandomRBFDrift,0.5481,66.4393961429596,5.16796875
2,HATC,synth_RandomRBFDrift,0.55274,68.87259554862976,5.47265625
3,HATC,synth_RandomRBFDrift,0.54833,67.16533994674683,4.8515625
4,HATC,synth_RandomRBFDrift,0.55382,66.62207841873169,4.9453125
5,HATC,synth_RandomRBFDrift,0.54833,65.48586797714233,4.25
1,HATC,synth_agrawal,0.99581,49.16318941116333,5.359375
2,HATC,synth_agrawal,0.9958,50.19167685508728,5.37890625
3,HATC,synth_agrawal,0.99583,49.941802740097046,4.76953125
4,HATC,synth_agrawal,0.99581,50.55711579322815,5.265625
5,HATC,synth_agrawal,0.99583,52.24336385726929,5.12109375
1,HATC,vehicle_sensIT,0.7562012828840533,410.10789585113525,10.02734375
2,HATC,vehicle_sensIT,0.7506901591425788,480.55189323425293,12.21484375
3,HATC,vehicle_sensIT,0.7530143715492043,423.7917866706848,10.81640625
4,HATC,vehicle_sensIT,0.7569218902240987,428.836154460907,10.19921875
5,HATC,vehicle_sensIT,0.7521110750243586,430.258930683136,10.77734375
1,OnlineAutoML,adult,0.7252018929246263,94.90292254200145,9.062499889968084
2,OnlineAutoML,adult,0.7239636348108308,94.81937836776943,9.062500144071247
3,OnlineAutoML,adult,0.7141656546498136,95.58101096831366,9.06250044957213
4,OnlineAutoML,adult,0.7213041818092492,94.68277771066316,9.062499958294707
5,OnlineAutoML,adult,0.719016254813892,94.11429658240691,9.062499688945424
1,OnlineAutoML,electricity,0.8668405466625995,2445.650917049933,18.25781177373619
2,OnlineAutoML,electricity,0.8695461393590762,2443.6028563349123,18.257813042752648
3,OnlineAutoML,electricity,0.8682715628471103,2443.4079404781464,18.25781505429304
4,OnlineAutoML,electricity,0.8778309261305773,2444.4784791637153,18.257813368832366
5,OnlineAutoML,electricity,0.8653811567255554,2443.91107741391,18.25781293617929
1,OnlineAutoML,forest_cover,0.8288331404323351,19986.532481036676,48.89843422653162
2,OnlineAutoML,forest_cover,0.8364959756933762,19990.554630692895,48.89843756620047
3,OnlineAutoML,forest_cover,0.8256202127692014,19991.90939108359,48.89843224775884
4,OnlineAutoML,forest_cover,0.8294482600629143,19988.36686700318,48.898440313590896
5,OnlineAutoML,forest_cover,0.837454800969794,19991.441729577207,48.89844320223333
1,OnlineAutoML,hyperplane_high_gradual_drift,0.9146672760398613,4081.5300987894575,56.07031706300624
2,OnlineAutoML,hyperplane_high_gradual_drift,0.9082829117311303,4085.7002963834593,56.0703159480855
3,OnlineAutoML,hyperplane_high_gradual_drift,0.9196631136604407,4079.4556742981235,56.07031482872496
4,OnlineAutoML,hyperplane_high_gradual_drift,0.9067221711893139,4083.394561446794,56.07031284598597
5,OnlineAutoML,hyperplane_high_gradual_drift,0.9144102223221166,4076.4723531203113,56.07031634031998
1,OnlineAutoML,insects,0.6341527263598639,799.3357246423246,17.45312383206031
2,OnlineAutoML,insects,0.6397998985812887,799.011607867034,17.453124924833652
3,OnlineAutoML,insects,0.6396818801452637,797.5650774536853,17.453123795569724
4,OnlineAutoML,insects,0.6349674309482377,797.9618538793246,17.45312606749921
5,OnlineAutoML,insects,0.6357103280754284,799.7512849914475,17.45312486748793
1,OnlineAutoML,movingRBF,0.671071483234839,2555.140316910645,4.2812483444889775
2,OnlineAutoML,movingRBF,0.6701246636185977,2555.1018514764432,4.281251117398184
3,OnlineAutoML,movingRBF,0.6769957378793836,2555.16043251719,4.28125068513111
4,OnlineAutoML,movingRBF,0.6739136163071963,2552.00315401454,4.28125073854288
5,OnlineAutoML,movingRBF,0.669473113162205,2552.6494289011143,4.2812529173091445
1,OnlineAutoML,moving_squares,0.8763110233706527,11384.406718123217,8.789059422663513
2,OnlineAutoML,moving_squares,0.8835173032896803,11382.83350305252,8.789061556063578
3,OnlineAutoML,moving_squares,0.8851849809705654,11382.77331387439,8.7890665483665
4,OnlineAutoML,moving_squares,0.8939205586712097,11382.305443929143,8.789063526393502
5,OnlineAutoML,moving_squares,0.8781152728769152,11382.76292367182,8.789062622227556
1,OnlineAutoML,new_airlines,0.6671482140958658,3147.419377044628,62.402344902577745
2,OnlineAutoML,new_airlines,0.6747794144264188,3141.2622800661734,62.4023481257253
3,OnlineAutoML,new_airlines,0.6636238921764676,3137.5847913695993,62.40234323280289
4,OnlineAutoML,new_airlines,0.6709613422823114,3151.131315790975,62.40234559203995
5,OnlineAutoML,new_airlines,0.6749216465498172,3149.1116941425203,62.4023409531766
1,OnlineAutoML,sea_high_abrupt_drift,0.8905370866642702,964.6046606790434,75.53124666823875
2,OnlineAutoML,sea_high_abrupt_drift,0.8883404468854131,967.7020808851507,75.53125109210936
3,OnlineAutoML,sea_high_abrupt_drift,0.8872403713293356,960.4672708945944,75.53125402377866
4,OnlineAutoML,sea_high_abrupt_drift,0.8842790238473428,967.4366197101642,75.53125436154886
5,OnlineAutoML,sea_high_abrupt_drift,0.8887493856657855,961.9951534469818,75.53124951855436
1,OnlineAutoML,sea_high_mixed_drift,0.8853788892245519,1554.560872453954,107.24218620086667
2,OnlineAutoML,sea_high_mixed_drift,0.880521863474612,1556.06859322295,107.24219153482198
3,OnlineAutoML,sea_high_mixed_drift,0.8794012618720811,1555.743251637512,107.2421910715806
4,OnlineAutoML,sea_high_mixed_drift,0.8880492264277575,1559.3930946823893,107.24218729912253
5,OnlineAutoML,sea_high_mixed_drift,0.8801318251275762,1553.7459889316556,107.24219207496462
1,OnlineAutoML,shuttle,0.9732832534520348,401.38041741206007,8.312501430766954
2,OnlineAutoML,shuttle,0.9757218922623302,398.4886663478466,8.312499946095686
3,OnlineAutoML,shuttle,0.9715403634967137,399.6243985638555,8.312498966438609
4,OnlineAutoML,shuttle,0.9737333346718965,401.083054969713,8.312502113142607
5,OnlineAutoML,shuttle,0.971385148729126,401.9133940907237,8.312499258742962
1,OnlineAutoML,synth_RandomRBFDrift,0.6588934426912328,191.34326078196221,16.347655417847843
2,OnlineAutoML,synth_RandomRBFDrift,0.656783020266947,190.24756230008634,16.347657378555365
3,OnlineAutoML,synth_RandomRBFDrift,0.6536737619532107,191.9092993363781,16.34765722324448
4,OnlineAutoML,synth_RandomRBFDrift,0.6547976954881609,188.8611807393338,16.347650767852656
5,OnlineAutoML,synth_RandomRBFDrift,0.6551217305262491,191.09226100758707,16.347654859024807
1,OnlineAutoML,synth_agrawal,1.0020223972671807,258.39437191994233,11.37109499496392
2,OnlineAutoML,synth_agrawal,0.9950480613106993,254.60388462588799,11.371093766464691
3,OnlineAutoML,synth_agrawal,0.9953509035764767,254.45406028018914,11.371096366329098
4,OnlineAutoML,synth_agrawal,1.0090677799122483,255.65983756426718,11.371094262287427
5,OnlineAutoML,synth_agrawal,0.9971674403039179,257.2300434670982,11.371093256713229
1,OnlineAutoML,vehicle_sensIT,0.7293706531930757,204.13140426699633,45.308594838194175
2,OnlineAutoML,vehicle_sensIT,0.7334285654079996,199.67893427400685,45.308593589858155
3,OnlineAutoML,vehicle_sensIT,0.7342423313166635,201.67341264774493,45.308593990297936
4,OnlineAutoML,vehicle_sensIT,0.7286760583083062,202.57513541575824,45.30859255466008
5,OnlineAutoML,vehicle_sensIT,0.7299311604465694,201.6505587599687,45.30859470497458
1,SRPC,adult,0.7996806027599197,189.36179542541504,25.98046875
2,SRPC,adult,0.7980017198312928,189.55208158493042,25.6484375
3,SRPC,adult,0.8047991482740264,186.0808825492859,24.52734375
4,SRPC,adult,0.8038778100814873,187.22882723808289,22.640625
5,SRPC,adult,0.799209696572622,189.83900666236877,25.41015625
1,SRPC,electricity,0.8655543785310734,137.50226616859436,12.5625
2,SRPC,electricity,0.867430261299435,141.3276743888855,13.72265625
3,SRPC,electricity,0.8650467867231638,147.4577910900116,17.84765625
4,SRPC,electricity,0.8650026483050848,150.18487429618835,19.59765625
5,SRPC,electricity,0.8687102754237288,134.34545469284058,10.77734375
1,SRPC,forest_cover,0.9308620131770083,6500.496851205826,84.69921875
2,SRPC,forest_cover,0.9294747784899451,6864.66060423851,89.75
3,SRPC,forest_cover,0.9298448224821518,6704.636214256287,82.18359375
4,SRPC,forest_cover,0.9298448224821518,6683.299968004227,80.6328125
5,SRPC,forest_cover,0.9282717052315614,6833.663245201111,116.4375
1,SRPC,hyperplane_high_gradual_drift,0.721406,1945.9679145812988,133.390625
2,SRPC,hyperplane_high_gradual_drift,0.711642,1960.2168312072754,128.5
3,SRPC,hyperplane_high_gradual_drift,0.721406,1915.3532955646515,134.53515625
4,SRPC,hyperplane_high_gradual_drift,0.731592,1814.1285803318024,117.64453125
5,SRPC,hyperplane_high_gradual_drift,0.711642,1931.1097638607025,127.89453125
1,SRPC,insects,0.6844724492885256,598.1985895633698,7.546875
2,SRPC,insects,0.6844724492885256,608.0231382846832,8.39453125
3,SRPC,insects,0.678928247048138,640.7870030403137,9.11328125
4,SRPC,insects,0.6900734181047532,674.1137766838074,10.1953125
5,SRPC,insects,0.6918331819557978,609.894962310791,6.37890625
1,SRPC,movingRBF,0.495205,1098.673617362976,24.76171875
2,SRPC,movingRBF,0.499725,1098.9025020599365,27.15625
3,SRPC,movingRBF,0.504635,1076.6187353134155,19.7421875
4,SRPC,movingRBF,0.486725,1069.97230386734,28.04296875
5,SRPC,movingRBF,0.494595,1078.2626440525055,22.6953125
1,SRPC,moving_squares,0.7448487242436213,285.3521640300751,10.828125
2,SRPC,moving_squares,0.7663088315441577,259.2286491394043,9.28125
3,SRPC,moving_squares,0.7499087495437478,265.57305788993835,10.4375
4,SRPC,moving_squares,0.7448487242436213,278.909460067749,11.05859375
5,SRPC,moving_squares,0.7663088315441577,270.6815483570099,10.55859375
1,SRPC,new_airlines,0.6478939825689723,1845.8693685531616,50.16015625
2,SRPC,new_airlines,0.6458620312468135,1875.0508818626404,87.45703125
3,SRPC,new_airlines,0.6433777111996485,1718.8188092708588,65.64453125
4,SRPC,new_airlines,0.6449146524825587,1732.7725718021393,52.75390625
5,SRPC,new_airlines,0.6446050394617554,1947.5575568675995,66.3515625
1,SRPC,sea_high_abrupt_drift,0.869034,1428.9738869667053,124.4140625
2,SRPC,sea_high_abrupt_drift,0.869034,1437.9427497386932,122.8359375
3,SRPC,sea_high_abrupt_drift,0.806102,1384.6465978622437,108.390625
4,SRPC,sea_high_abrupt_drift,0.806102,1380.2422950267792,109.18359375
5,SRPC,sea_high_abrupt_drift,0.869034,1390.6338367462158,124.26953125
1,SRPC,sea_high_mixed_drift,0.852294,1351.223116159439,98.28125
2,SRPC,sea_high_mixed_drift,0.826284,1431.9173600673676,113.65234375
3,SRPC,sea_high_mixed_drift,0.840412,1383.869746685028,110.9921875
4,SRPC,sea_high_mixed_drift,0.78444,1431.7948083877563,115.7265625
5,SRPC,sea_high_mixed_drift,0.783166,1387.6266877651215,110.85546875
1,SRPC,shuttle,0.9954310344827586,140.09319686889648,5.578125
2,SRPC,shuttle,0.993948275862069,156.94962120056152,6.5546875
3,SRPC,shuttle,0.995551724137931,145.6066930294037,5.3203125
4,SRPC,shuttle,0.9948965517241379,149.909996509552,4.97265625
5,SRPC,shuttle,0.993948275862069,160.41283988952637,7.51953125
1,SRPC,synth_RandomRBFDrift,0.57457,266.09752368927,13.6484375
2,SRPC,synth_RandomRBFDrift,0.55571,246.7895097732544,15.38671875
3,SRPC,synth_RandomRBFDrift,0.56217,328.1501154899597,23.0703125
4,SRPC,synth_RandomRBFDrift,0.56271,246.30782651901245,15.91015625
5,SRPC,synth_RandomRBFDrift,0.55571,244.42730808258057,16.54296875
1,SRPC,synth_agrawal,0.9991,239.35941982269287,21.99609375
2,SRPC,synth_agrawal,0.9711,276.5399842262268,41.0625
3,SRPC,synth_agrawal,0.96994,290.00945520401,39.2578125
4,SRPC,synth_agrawal,0.99915,244.87086939811707,23.6328125
5,SRPC,synth_agrawal,0.97026,306.8077652454376,42.48828125
1,SRPC,vehicle_sensIT,0.7847819909061383,2296.645562648773,207.4921875
2,SRPC,vehicle_sensIT,0.7792404189671971,1983.9745478630066,159.15625
3,SRPC,vehicle_sensIT,0.7802959564793764,2148.4112389087677,143.3984375
4,SRPC,vehicle_sensIT,0.7756779798635921,2055.8730461597443,133.3046875
5,SRPC,vehicle_sensIT,0.7847921403052939,1967.3779346942902,172.2109375
